14.7104	superkingdom	2	Bacteria	phylum	1239	Bacillota	class	91061	Bacilli	order	186826	Lactobacillales	family	186828	Carnobacteriaceae	genus	1470540	Jeotgalibaca	species	1868793	Jeotgalibaca porci
8.3677	superkingdom	2	Bacteria	phylum	1224	Pseudomonadota	class	28216	Betaproteobacteria	order	206389	Rhodocyclales	family	2008794	Zoogloeaceae	genus	2891323	Pseudazoarcus	species	2067960	Pseudazoarcus pumilus
7.2679	superkingdom	2	Bacteria	phylum	1224	Pseudomonadota	class	1236	Gammaproteobacteria	order	135624	Aeromonadales	family	84642	Aeromonadaceae	genus	43947	Tolumonas	species	43948	Tolumonas auensis
6.9098	superkingdom	2	Bacteria	phylum	1090	Chlorobiota	class	191410	Chlorobiia	order	191411	Chlorobiales	family	191412	Chlorobiaceae	genus	256319	Chlorobaculum	species	1097	Chlorobaculum tepidum
6.7852	superkingdom	2	Bacteria	phylum	201174	Actinomycetota	class	1760	Actinomycetes	order	85006	Micrococcales	family	85017	Promicromonosporaceae	genus	254250	Isoptericola	species	372663	Isoptericola dokdonensis
5.7556	superkingdom	2	Bacteria	phylum	201174	Actinomycetota	class	1760	Actinomycetes	order	2495578	Sporichthyales	family	85033	Sporichthyaceae	genus	2078948	Epidermidibacterium	species	1891644	Epidermidibacterium keratini
5.4325	superkingdom	2	Bacteria	phylum	1239	Bacillota	class	186801	Clostridia	order	186802	Eubacteriales	family	186803	Lachnospiraceae	genus	572511	Blautia	species	1912897	Blautia argi
5.2219	superkingdom	2	Bacteria	phylum	976	Bacteroidota	class	117743	Flavobacteriia	order	200644	Flavobacteriales	family	2762318	Weeksellaceae	genus	501783	Cloacibacterium	species	2004710	Cloacibacterium caeni
4.6912	superkingdom	2	Bacteria	phylum	1224	Pseudomonadota	class	1236	Gammaproteobacteria	order	1934945	Immundisolibacterales	family	1934946	Immundisolibacteraceae	genus	1934947	Immundisolibacter	species	1810504	Immundisolibacter cernigliae
4.3610	superkingdom	2	Bacteria	phylum	1224	Pseudomonadota	class	28211	Alphaproteobacteria	order	356	Hyphomicrobiales	family	69277	Phyllobacteriaceae	genus	68287	Mesorhizobium	species	593909	Mesorhizobium opportunistum
4.1699	superkingdom	2	Bacteria	phylum	1224	Pseudomonadota	class	1236	Gammaproteobacteria	order	91347	Enterobacterales	family	543	Enterobacteriaceae	genus	579	Kluyvera	species	61648	Kluyvera intermedia
4.1641	superkingdom	2	Bacteria	phylum	1224	Pseudomonadota	class	28216	Betaproteobacteria	order	206351	Neisseriales	family	1499392	Chromobacteriaceae	genus	535	Chromobacterium	species	1778675	Chromobacterium rhizoryzae
4.1582	superkingdom	2	Bacteria	phylum	1224	Pseudomonadota	class	28211	Alphaproteobacteria	order	204457	Sphingomonadales	family	41297	Sphingomonadaceae	genus	13687	Sphingomonas	species	2890321	Sphingomonas radiodurans
3.8895	superkingdom	2	Bacteria	phylum	201174	Actinomycetota	class	1760	Actinomycetes	order	2037	Actinomycetales	family	2049	Actinomycetaceae	genus	1522056	Flaviflexus	species	1282737	Flaviflexus salsibiostraticola
3.6327	superkingdom	2	Bacteria	phylum	203682	Planctomycetota	class	203683	Planctomycetia	order	112	Planctomycetales	family	126	Planctomycetaceae	genus	2795778	Caulifigura	species	2527983	Caulifigura coniformis
3.5646	superkingdom	2	Bacteria	phylum	1224	Pseudomonadota	class	1236	Gammaproteobacteria	order	72273	Thiotrichales	family	135617	Thiotrichaceae	genus	1030	Thiothrix	species	2891210	Thiothrix litoralis
3.4749	superkingdom	2	Bacteria	phylum	1224	Pseudomonadota	class	28216	Betaproteobacteria	order	206351	Neisseriales	family	481	Neisseriaceae	genus	299568	Uruburuella	species	1282863	Uruburuella testudinis
3.4108	superkingdom	2	Bacteria	phylum	1224	Pseudomonadota	class	28216	Betaproteobacteria	order	80840	Burkholderiales	family	Thiomonas - no_f_rank	Thiomonas - no_f_rank	genus	32012	Thiomonas	species	926	Thiomonas intermedia
3.4095	superkingdom	2	Bacteria	phylum	201174	Actinomycetota	class	1760	Actinomycetes	order	85009	Propionibacteriales	family	31957	Propionibacteriaceae	genus	29404	Microlunatus	species	29405	Microlunatus phosphovorus
3.4039	superkingdom	2	Bacteria	phylum	1224	Pseudomonadota	class	1236	Gammaproteobacteria	order	1692040	Acidiferrobacterales	family	1692041	Acidiferrobacteraceae	genus	1744881	Sulfuricaulis	species	1620215	Sulfuricaulis limicola
3.2764	superkingdom	2	Bacteria	phylum	1224	Pseudomonadota	class	28216	Betaproteobacteria	order	80840	Burkholderiales	family	80864	Comamonadaceae	genus	219181	Ottowia	species	2109914	Ottowia oryzae
3.2000	superkingdom	2	Bacteria	phylum	1224	Pseudomonadota	class	28211	Alphaproteobacteria	order	356	Hyphomicrobiales	family	119045	Methylobacteriaceae	genus	186650	Microvirga	species	1882682	Microvirga ossetica
3.1055	superkingdom	2	Bacteria	phylum	976	Bacteroidota	class	117743	Flavobacteriia	order	200644	Flavobacteriales	family	49546	Flavobacteriaceae	genus	237	Flavobacterium	species	312277	Flavobacterium indicum
3.0911	superkingdom	2	Bacteria	phylum	1224	Pseudomonadota	class	28216	Betaproteobacteria	order	80840	Burkholderiales	family	506	Alcaligenaceae	genus	1921582	Orrella	species	2163011	Orrella marina
2.8203	superkingdom	2	Bacteria	phylum	1224	Pseudomonadota	class	1236	Gammaproteobacteria	order	91347	Enterobacterales	family	543	Enterobacteriaceae	genus	83654	Leclercia	species	2815358	Leclercia pneumoniae
2.7645	superkingdom	2	Bacteria	phylum	1224	Pseudomonadota	class	28211	Alphaproteobacteria	order	356	Hyphomicrobiales	family	255475	Aurantimonadaceae	genus	414371	Aureimonas	species	1701758	Aureimonas populi
2.5682	superkingdom	2	Bacteria	phylum	201174	Actinomycetota	class	1760	Actinomycetes	order	85007	Mycobacteriales	family	1653	Corynebacteriaceae	genus	1716	Corynebacterium	species	89154	Corynebacterium terpenotabidum
2.5658	superkingdom	2	Bacteria	phylum	29547	Campylobacterota	class	3031852	Epsilonproteobacteria	order	213849	Campylobacterales	family	2808963	Arcobacteraceae	genus	28196	Arcobacter	species	1849015	Arcobacter acticola
2.4544	superkingdom	2	Bacteria	phylum	201174	Actinomycetota	class	1760	Actinomycetes	order	85007	Mycobacteriales	family	1762	Mycobacteriaceae	genus	1866885	Mycolicibacterium	species	1534348	Mycolicibacterium sarraceniae
2.4533	superkingdom	2	Bacteria	phylum	1224	Pseudomonadota	class	28216	Betaproteobacteria	order	32003	Nitrosomonadales	family	90627	Gallionellaceae	genus	2943286	Sideroxyarcus	species	2764705	Sideroxyarcus emersonii
2.3980	superkingdom	2	Bacteria	phylum	200795	Chloroflexota	class	292625	Anaerolineae	order	292629	Anaerolineales	family	292628	Anaerolineaceae	genus	2019482	Brevefilum	species	1986204	Brevefilum fermentans
2.2547	superkingdom	2	Bacteria	phylum	976	Bacteroidota	class	117743	Flavobacteriia	order	200644	Flavobacteriales	family	2762318	Weeksellaceae	genus	59732	Chryseobacterium	species	1493872	Chryseobacterium shandongense
2.2387	superkingdom	2	Bacteria	phylum	29547	Campylobacterota	class	3031852	Epsilonproteobacteria	order	213849	Campylobacterales	family	2808963	Arcobacteraceae	genus	2321187	Poseidonibacter	species	1850254	Poseidonibacter parvus
2.2188	superkingdom	2	Bacteria	phylum	201174	Actinomycetota	class	1760	Actinomycetes	order	85006	Micrococcales	family	85023	Microbacteriaceae	genus	33877	Agromyces	species	2509455	Agromyces protaetiae
2.2112	superkingdom	2	Bacteria	phylum	201174	Actinomycetota	class	1760	Actinomycetes	order	85009	Propionibacteriales	family	31957	Propionibacteriaceae	genus	72763	Tessaracoccus	species	2161816	Tessaracoccus timonensis
2.2087	superkingdom	2	Bacteria	phylum	1224	Pseudomonadota	class	28211	Alphaproteobacteria	order	356	Hyphomicrobiales	family	2831090	Blastochloridaceae	genus	59282	Blastochloris	species	1079	Blastochloris viridis
2.1879	superkingdom	2	Bacteria	phylum	201174	Actinomycetota	class	84998	Coriobacteriia	order	1643822	Eggerthellales	family	1643826	Eggerthellaceae	genus	84108	Slackia	species	84110	Slackia heliotrinireducens
2.1673	superkingdom	2	Bacteria	phylum	1224	Pseudomonadota	class	28211	Alphaproteobacteria	order	356	Hyphomicrobiales	family	335928	Xanthobacteraceae	genus	99	Ancylobacter	species	1745854	Ancylobacter pratisalsi
2.0398	superkingdom	2	Bacteria	phylum	201174	Actinomycetota	class	1760	Actinomycetes	order	85007	Mycobacteriales	family	85026	Gordoniaceae	genus	2053	Gordonia	species	2831662	Gordonia pseudamarae
2.0135	superkingdom	2	Bacteria	phylum	201174	Actinomycetota	class	1760	Actinomycetes	order	85004	Bifidobacteriales	family	31953	Bifidobacteriaceae	genus	2701	Gardnerella	species	2792978	Gardnerella leopoldii
2.0124	superkingdom	2	Bacteria	phylum	201174	Actinomycetota	class	1760	Actinomycetes	order	85006	Micrococcales	family	85023	Microbacteriaceae	genus	2680004	Protaetiibacter	species	2592654	Protaetiibacter larvae
1.9943	superkingdom	2	Bacteria	phylum	1224	Pseudomonadota	class	28211	Alphaproteobacteria	order	356	Hyphomicrobiales	family	2831106	Devosiaceae	genus	46913	Devosia	species	400770	Devosia ginsengisoli
1.9477	superkingdom	2	Bacteria	phylum	1224	Pseudomonadota	class	28211	Alphaproteobacteria	order	356	Hyphomicrobiales	family	335928	Xanthobacteraceae	genus	556257	Pseudolabrys	species	331696	Pseudolabrys taiwanensis
1.8868	superkingdom	2	Bacteria	phylum	1224	Pseudomonadota	class	1236	Gammaproteobacteria	order	135614	Xanthomonadales	family	1775411	Rhodanobacteraceae	genus	70411	Frateuria	species	81475	Frateuria aurantia
1.8391	superkingdom	2	Bacteria	phylum	200940	Thermodesulfobacteriota	class	3031451	Desulfobulbia	order	3024411	Desulfobulbales	family	213121	Desulfobulbaceae	genus	893	Desulfobulbus	species	894	Desulfobulbus propionicus
1.8220	superkingdom	2	Bacteria	phylum	1224	Pseudomonadota	class	1236	Gammaproteobacteria	order	135614	Xanthomonadales	family	32033	Xanthomonadaceae	genus	68	Lysobacter	species	2822368	Lysobacter luteus
1.8189	superkingdom	2	Bacteria	phylum	1224	Pseudomonadota	class	28211	Alphaproteobacteria	order	204457	Sphingomonadales	family	335929	Erythrobacteraceae	genus	1855416	Qipengyuania	species	266951	Qipengyuania seohaensis
1.7780	superkingdom	2	Bacteria	phylum	1224	Pseudomonadota	class	28211	Alphaproteobacteria	order	204457	Sphingomonadales	family	41297	Sphingomonadaceae	genus	13687	Sphingomonas	species	2599297	Sphingomonas suaedae
1.6868	superkingdom	2	Bacteria	phylum	1224	Pseudomonadota	class	28216	Betaproteobacteria	order	80840	Burkholderiales	family	80864	Comamonadaceae	genus	3051138	Paenacidovorax	species	1926868	Paenacidovorax monticola
1.6864	superkingdom	2	Bacteria	phylum	201174	Actinomycetota	class	1760	Actinomycetes	order	85006	Micrococcales	family	85023	Microbacteriaceae	genus	55968	Leucobacter	species	683042	Leucobacter denitrificans
1.6836	superkingdom	2	Bacteria	phylum	1224	Pseudomonadota	class	28216	Betaproteobacteria	order	80840	Burkholderiales	family	Rhizobacter - no_f_rank	Rhizobacter - no_f_rank	genus	212743	Rhizobacter	species	946333	Rhizobacter gummiphilus
1.6822	superkingdom	2	Bacteria	phylum	201174	Actinomycetota	class	1760	Actinomycetes	order	1643684	Nakamurellales	family	85031	Nakamurellaceae	genus	53460	Nakamurella	species	53461	Nakamurella multipartita
1.6383	superkingdom	2	Bacteria	phylum	201174	Actinomycetota	class	1760	Actinomycetes	order	85006	Micrococcales	family	85016	Cellulomonadaceae	genus	1707	Cellulomonas	species	11	Cellulomonas gilvus
1.5978	superkingdom	2	Bacteria	phylum	201174	Actinomycetota	class	1760	Actinomycetes	order	85006	Micrococcales	family	2805590	Ornithinimicrobiaceae	genus	125287	Ornithinimicrobium	species	1288636	Ornithinimicrobium flavum
1.5342	superkingdom	2	Bacteria	phylum	1224	Pseudomonadota	class	28211	Alphaproteobacteria	order	356	Hyphomicrobiales	family	31993	Methylocystaceae	genus	2041902	Chenggangzhangella	species	1437009	Chenggangzhangella methanolivorans
1.5269	superkingdom	2	Bacteria	phylum	1224	Pseudomonadota	class	28216	Betaproteobacteria	order	80840	Burkholderiales	family	80864	Comamonadaceae	genus	1649468	Melaminivora	species	2109913	Melaminivora suipulveris
1.4206	superkingdom	2	Bacteria	phylum	976	Bacteroidota	class	768503	Cytophagia	order	768507	Cytophagales	family	563798	Cyclobacteriaceae	genus	1511649	Mongoliitalea	species	2782006	Mongoliitalea daihaiensis
1.3950	superkingdom	2	Bacteria	phylum	201174	Actinomycetota	class	1760	Actinomycetes	order	85009	Propionibacteriales	family	85015	Nocardioidaceae	genus	1839	Nocardioides	species	449461	Nocardioides humi
1.3114	superkingdom	2	Bacteria	phylum	1224	Pseudomonadota	class	28216	Betaproteobacteria	order	80840	Burkholderiales	family	80864	Comamonadaceae	genus	219181	Ottowia	species	2816950	Ottowia testudinis
1.3044	superkingdom	2	Bacteria	phylum	201174	Actinomycetota	class	1760	Actinomycetes	order	85009	Propionibacteriales	family	85015	Nocardioidaceae	genus	1839	Nocardioides	species	402297	Nocardioides daphniae
1.3000	superkingdom	2	Bacteria	phylum	201174	Actinomycetota	class	1760	Actinomycetes	order	85009	Propionibacteriales	family	31957	Propionibacteriaceae	genus	72763	Tessaracoccus	species	2829499	Tessaracoccus palaemonis
1.2682	superkingdom	2	Bacteria	phylum	200940	Thermodesulfobacteriota	class	3024418	Desulfobacteria	order	213118	Desulfobacterales	family	3031624	Desulfosarcinaceae	genus	2299	Desulfosarcina	species	947919	Desulfosarcina widdelii
1.2331	superkingdom	2	Bacteria	phylum	1224	Pseudomonadota	class	28216	Betaproteobacteria	order	206389	Rhodocyclales	family	2008794	Zoogloeaceae	genus	2891324	Pseudothauera	species	2184083	Pseudothauera hydrothermalis
1.2238	superkingdom	2	Bacteria	phylum	1224	Pseudomonadota	class	1236	Gammaproteobacteria	order	72274	Pseudomonadales	family	135621	Pseudomonadaceae	genus	286	Pseudomonas	species	2842357	Pseudomonas muyukensis
1.2160	superkingdom	2	Bacteria	phylum	201174	Actinomycetota	class	1760	Actinomycetes	order	85014	Glycomycetales	family	85034	Glycomycetaceae	genus	283810	Stackebrandtia	species	283811	Stackebrandtia nassauensis
1.2011	superkingdom	2	Bacteria	phylum	200940	Thermodesulfobacteriota	class	3031651	Desulfuromonadia	order	3031668	Geobacterales	family	213422	Geobacteraceae	genus	28231	Geobacter	species	35554	Geobacter sulfurreducens
1.1795	superkingdom	2	Bacteria	phylum	1224	Pseudomonadota	class	1236	Gammaproteobacteria	order	72274	Pseudomonadales	family	135621	Pseudomonadaceae	genus	286	Pseudomonas	species	2604832	Pseudomonas lalkuanensis
1.1733	superkingdom	2	Bacteria	phylum	976	Bacteroidota	class	117743	Flavobacteriia	order	200644	Flavobacteriales	family	2762318	Weeksellaceae	genus	59732	Chryseobacterium	species	2754694	Chryseobacterium manosquense
1.1517	superkingdom	2	Bacteria	phylum	1224	Pseudomonadota	class	1236	Gammaproteobacteria	order	135623	Vibrionales	family	641	Vibrionaceae	genus	662	Vibrio	species	2479546	Vibrio zhugei
1.1444	superkingdom	2	Bacteria	phylum	976	Bacteroidota	class	117743	Flavobacteriia	order	200644	Flavobacteriales	family	49546	Flavobacteriaceae	genus	237	Flavobacterium	species	1751056	Flavobacterium ammonificans
1.1397	superkingdom	2	Bacteria	phylum	1239	Bacillota	class	186801	Clostridia	order	186802	Eubacteriales	family	186803	Lachnospiraceae	genus	2944193	Simiaoa	species	2763672	Simiaoa sunii
1.1256	superkingdom	2	Bacteria	phylum	2818505	Myxococcota	class	Polyangiales - no_c_rank	Polyangiales - no_c_rank	order	3031712	Polyangiales	family	49	Polyangiaceae	genus	50	Chondromyces	species	52	Chondromyces crocatus
1.0872	superkingdom	2	Bacteria	phylum	1224	Pseudomonadota	class	1236	Gammaproteobacteria	order	135619	Oceanospirillales	family	224372	Alcanivoracaceae	genus	3020833	Isoalcanivorax	species	1306787	Isoalcanivorax pacificus
1.0770	superkingdom	2	Bacteria	phylum	1224	Pseudomonadota	class	28216	Betaproteobacteria	order	80840	Burkholderiales	family	80864	Comamonadaceae	genus	238749	Diaphorobacter	species	164759	Diaphorobacter nitroreducens
1.0146	superkingdom	2	Bacteria	phylum	1224	Pseudomonadota	class	28216	Betaproteobacteria	order	80840	Burkholderiales	family	80864	Comamonadaceae	genus	2678886	Pulveribacter	species	2116657	Pulveribacter suum
0.9999	superkingdom	2	Bacteria	phylum	201174	Actinomycetota	class	1760	Actinomycetes	order	85006	Micrococcales	family	85023	Microbacteriaceae	genus	2680004	Protaetiibacter	species	2419774	Protaetiibacter intestinalis
0.9283	superkingdom	2	Bacteria	phylum	1224	Pseudomonadota	class	1236	Gammaproteobacteria	order	72274	Pseudomonadales	family	135621	Pseudomonadaceae	genus	286	Pseudomonas	species	2842354	Pseudomonas maumuensis
0.9256	superkingdom	2	Bacteria	phylum	976	Bacteroidota	class	117743	Flavobacteriia	order	200644	Flavobacteriales	family	2762318	Weeksellaceae	genus	59732	Chryseobacterium	species	2929800	Chryseobacterium suipulveris
0.8709	superkingdom	2	Bacteria	phylum	200940	Thermodesulfobacteriota	class	3024408	Syntrophobacteria	order	213462	Syntrophobacterales	family	213465	Syntrophobacteraceae	genus	361106	Desulfoglaeba	species	361111	Desulfoglaeba alkanexedens
0.8663	superkingdom	2	Bacteria	phylum	1224	Pseudomonadota	class	28216	Betaproteobacteria	order	32003	Nitrosomonadales	family	90627	Gallionellaceae	genus	2249462	Ferrigenium	species	1682490	Ferrigenium kumadai
0.8646	superkingdom	2	Bacteria	phylum	1224	Pseudomonadota	class	28211	Alphaproteobacteria	order	204455	Rhodobacterales	family	2854170	Roseobacteraceae	genus	191028	Leisingera	species	506591	Leisingera caerulea
0.8509	superkingdom	2	Bacteria	phylum	1224	Pseudomonadota	class	28216	Betaproteobacteria	order	206351	Neisseriales	family	2897177	Chitinibacteraceae	genus	400947	Deefgea	species	2865840	Deefgea tanakiae
0.8354	superkingdom	2	Bacteria	phylum	1224	Pseudomonadota	class	28211	Alphaproteobacteria	order	204455	Rhodobacterales	family	31989	Paracoccaceae	genus	265	Paracoccus	species	1499308	Paracoccus mutanolyticus
0.8235	superkingdom	2	Bacteria	phylum	201174	Actinomycetota	class	1760	Actinomycetes	order	85009	Propionibacteriales	family	2726069	Kribbellaceae	genus	182639	Kribbella	species	182640	Kribbella flavida
0.7945	superkingdom	2	Bacteria	phylum	1224	Pseudomonadota	class	28211	Alphaproteobacteria	order	204441	Rhodospirillales	family	41295	Rhodospirillaceae	genus	1612157	Pararhodospirillum	species	1084	Pararhodospirillum photometricum
0.7777	superkingdom	2	Bacteria	phylum	1224	Pseudomonadota	class	28211	Alphaproteobacteria	order	204457	Sphingomonadales	family	41297	Sphingomonadaceae	genus	2676781	Aquisediminimonas	species	1550733	Aquisediminimonas profunda
0.7636	superkingdom	2	Bacteria	phylum	201174	Actinomycetota	class	1760	Actinomycetes	order	85012	Streptosporangiales	family	2004	Streptosporangiaceae	genus	83681	Nonomuraea	species	93944	Nonomuraea gerenzanensis
0.7283	superkingdom	2	Bacteria	phylum	1224	Pseudomonadota	class	1236	Gammaproteobacteria	order	135614	Xanthomonadales	family	32033	Xanthomonadaceae	genus	40323	Stenotrophomonas	species	1904944	Stenotrophomonas sp. LM091
0.7130	superkingdom	2	Bacteria	phylum	201174	Actinomycetota	class	1497346	Thermoleophilia	order	588673	Solirubrobacterales	family	2758916	Paraconexibacteraceae	genus	2758920	Paraconexibacter	species	2949664	Paraconexibacter antarcticus
0.6985	superkingdom	2	Bacteria	phylum	1224	Pseudomonadota	class	1236	Gammaproteobacteria	order	135614	Xanthomonadales	family	1775411	Rhodanobacteraceae	genus	70411	Frateuria	species	2898793	Frateuria edaphi
0.6982	superkingdom	2	Bacteria	phylum	1224	Pseudomonadota	class	28211	Alphaproteobacteria	order	204455	Rhodobacterales	family	31989	Paracoccaceae	genus	1679449	Pseudooceanicola	species	1537215	Pseudooceanicola algae
0.6838	superkingdom	2	Bacteria	phylum	1224	Pseudomonadota	class	28211	Alphaproteobacteria	order	204441	Rhodospirillales	family	433	Acetobacteraceae	genus	1706033	Sediminicoccus	species	1225128	Sediminicoccus rosea
0.6677	superkingdom	2	Bacteria	phylum	201174	Actinomycetota	class	1760	Actinomycetes	order	85007	Mycobacteriales	family	1762	Mycobacteriaceae	genus	1866885	Mycolicibacterium	species	370526	Mycolicibacterium rutilum
0.6531	superkingdom	2	Bacteria	phylum	1224	Pseudomonadota	class	28211	Alphaproteobacteria	order	204455	Rhodobacterales	family	31989	Paracoccaceae	genus	265	Paracoccus	species	1945662	Paracoccus contaminans
0.6477	superkingdom	2	Bacteria	phylum	1297	Deinococcota	class	188787	Deinococci	order	2762275	Trueperales	family	332247	Trueperaceae	genus	332248	Truepera	species	332249	Truepera radiovictrix
0.6422	superkingdom	2	Bacteria	phylum	976	Bacteroidota	class	117743	Flavobacteriia	order	200644	Flavobacteriales	family	49546	Flavobacteriaceae	genus	237	Flavobacterium	species	2895947	Flavobacterium cyclinae
0.6373	superkingdom	2	Bacteria	phylum	1224	Pseudomonadota	class	28216	Betaproteobacteria	order	80840	Burkholderiales	family	75682	Oxalobacteraceae	genus	202907	Collimonas	species	279058	Collimonas arenae
0.6322	superkingdom	2	Bacteria	phylum	1224	Pseudomonadota	class	28211	Alphaproteobacteria	order	204455	Rhodobacterales	family	31989	Paracoccaceae	genus	265	Paracoccus	species	2259340	Paracoccus suum
0.6286	superkingdom	2	Bacteria	phylum	201174	Actinomycetota	class	1760	Actinomycetes	order	85007	Mycobacteriales	family	1762	Mycobacteriaceae	genus	1866885	Mycolicibacterium	species	758802	Mycolicibacterium litorale
0.6238	superkingdom	2	Bacteria	phylum	201174	Actinomycetota	class	1760	Actinomycetes	order	85006	Micrococcales	family	85023	Microbacteriaceae	genus	55968	Leucobacter	species	1935379	Leucobacter muris
0.6080	superkingdom	2	Bacteria	phylum	1224	Pseudomonadota	class	28216	Betaproteobacteria	order	80840	Burkholderiales	family	119060	Burkholderiaceae	genus	32008	Burkholderia	species	2615214	Burkholderia perseverans
0.6015	superkingdom	2	Bacteria	phylum	1239	Bacillota	class	186801	Clostridia	order	186802	Eubacteriales	family	31979	Clostridiaceae	genus	1485	Clostridium	species	1534	Clostridium kluyveri
0.5999	superkingdom	2	Bacteria	phylum	1224	Pseudomonadota	class	1236	Gammaproteobacteria	order	135614	Xanthomonadales	family	32033	Xanthomonadaceae	genus	490567	Arenimonas	species	370777	Arenimonas daejeonensis
0.5932	superkingdom	2	Bacteria	phylum	1224	Pseudomonadota	class	28216	Betaproteobacteria	order	32003	Nitrosomonadales	family	2008793	Sterolibacteriaceae	genus	1054211	Sulfuritalea	species	748811	Sulfuritalea hydrogenivorans
0.5847	superkingdom	2	Bacteria	phylum	1224	Pseudomonadota	class	28216	Betaproteobacteria	order	80840	Burkholderiales	family	506	Alcaligenaceae	genus	152267	Pigmentiphaga	species	1940612	Pigmentiphaga aceris
0.5780	superkingdom	2	Bacteria	phylum	976	Bacteroidota	class	200643	Bacteroidia	order	171549	Bacteroidales	family	2005519	Barnesiellaceae	genus	397864	Barnesiella	species	397865	Barnesiella viscericola
0.5710	superkingdom	2	Bacteria	phylum	2818505	Myxococcota	class	32015	Myxococcia	order	29	Myxococcales	family	1524215	Anaeromyxobacteraceae	genus	161492	Anaeromyxobacter	species	161493	Anaeromyxobacter dehalogenans
0.5680	superkingdom	2	Bacteria	phylum	1239	Bacillota	class	186801	Clostridia	order	186802	Eubacteriales	family	186803	Lachnospiraceae	genus	572511	Blautia	species	2779518	Blautia liquoris
0.5595	superkingdom	2	Bacteria	phylum	1224	Pseudomonadota	class	28216	Betaproteobacteria	order	Casimicrobiaceae - no_o_rank	Casimicrobiaceae - no_o_rank	family	2705999	Casimicrobiaceae	genus	2706000	Casimicrobium	species	2591109	Casimicrobium huifangae
0.5547	superkingdom	2	Bacteria	phylum	1239	Bacillota	class	91061	Bacilli	order	186826	Lactobacillales	family	1300	Streptococcaceae	genus	1301	Streptococcus	species	2781599	Streptococcus oriscaviae
0.5411	superkingdom	2	Bacteria	phylum	1224	Pseudomonadota	class	1236	Gammaproteobacteria	order	72274	Pseudomonadales	family	135621	Pseudomonadaceae	genus	286	Pseudomonas	species	2745514	Pseudomonas salmasensis
0.5395	superkingdom	2	Bacteria	phylum	32066	Fusobacteriota	class	203490	Fusobacteriia	order	203491	Fusobacteriales	family	203492	Fusobacteriaceae	genus	848	Fusobacterium	species	2663009	Fusobacterium pseudoperiodonticum
0.5358	superkingdom	2	Bacteria	phylum	1224	Pseudomonadota	class	1236	Gammaproteobacteria	order	72274	Pseudomonadales	family	135621	Pseudomonadaceae	genus	286	Pseudomonas	species	1392877	Pseudomonas oryzae
0.5328	superkingdom	2	Bacteria	phylum	1224	Pseudomonadota	class	28216	Betaproteobacteria	order	80840	Burkholderiales	family	80864	Comamonadaceae	genus	283	Comamonas	species	1082851	Comamonas serinivorans
0.5250	superkingdom	2	Bacteria	phylum	976	Bacteroidota	class	117743	Flavobacteriia	order	200644	Flavobacteriales	family	49546	Flavobacteriaceae	genus	237	Flavobacterium	species	1306519	Flavobacterium commune
0.4731	superkingdom	2	Bacteria	phylum	1239	Bacillota	class	186801	Clostridia	order	186802	Eubacteriales	family	31979	Clostridiaceae	genus	1485	Clostridium	species	2320868	Clostridium manihotivorum
0.4722	superkingdom	2	Bacteria	phylum	1224	Pseudomonadota	class	28216	Betaproteobacteria	order	80840	Burkholderiales	family	119060	Burkholderiaceae	genus	1822464	Paraburkholderia	species	2861782	Paraburkholderia edwinii
0.4648	superkingdom	2	Bacteria	phylum	142182	Gemmatimonadota	class	219685	Gemmatimonadetes	order	219686	Gemmatimonadales	family	219687	Gemmatimonadaceae	genus	173479	Gemmatimonas	species	173480	Gemmatimonas aurantiaca
0.4554	superkingdom	2	Bacteria	phylum	203682	Planctomycetota	class	203683	Planctomycetia	order	2691355	Gemmatales	family	1914233	Gemmataceae	genus	2731450	Limnoglobus	species	2598579	Limnoglobus roseus
0.4439	superkingdom	2	Bacteria	phylum	1224	Pseudomonadota	class	28211	Alphaproteobacteria	order	204441	Rhodospirillales	family	41295	Rhodospirillaceae	genus	13134	Magnetospirillum	species	55518	Magnetospirillum gryphiswaldense
0.4433	superkingdom	2	Bacteria	phylum	1224	Pseudomonadota	class	28211	Alphaproteobacteria	order	356	Hyphomicrobiales	family	82115	Rhizobiaceae	genus	379	Rhizobium	species	240521	Rhizobium daejeonense
0.4431	superkingdom	2	Bacteria	phylum	1224	Pseudomonadota	class	28216	Betaproteobacteria	order	206351	Neisseriales	family	481	Neisseriaceae	genus	299568	Uruburuella	species	252130	Uruburuella suis
0.4422	superkingdom	2	Bacteria	phylum	1224	Pseudomonadota	class	28216	Betaproteobacteria	order	80840	Burkholderiales	family	995019	Sutterellaceae	genus	40544	Sutterella	species	2584944	Sutterella faecalis
0.4353	superkingdom	2	Bacteria	phylum	1239	Bacillota	class	186801	Clostridia	order	186802	Eubacteriales	family	216572	Oscillospiraceae	genus	2892396	Vescimonas	species	2714353	Vescimonas fastidiosa
0.4295	superkingdom	2	Bacteria	phylum	1224	Pseudomonadota	class	28211	Alphaproteobacteria	order	204458	Caulobacterales	family	76892	Caulobacteraceae	genus	75	Caulobacter	species	69395	Caulobacter henricii
0.4231	superkingdom	2	Bacteria	phylum	1224	Pseudomonadota	class	1236	Gammaproteobacteria	order	135614	Xanthomonadales	family	32033	Xanthomonadaceae	genus	68	Lysobacter	species	262324	Lysobacter gummosus
0.4130	superkingdom	2	Bacteria	phylum	200940	Thermodesulfobacteriota	class	3024408	Syntrophobacteria	order	213462	Syntrophobacterales	family	213465	Syntrophobacteraceae	genus	29526	Syntrophobacter	species	119484	Syntrophobacter fumaroxidans
0.4124	superkingdom	2	Bacteria	phylum	976	Bacteroidota	class	117747	Sphingobacteriia	order	200666	Sphingobacteriales	family	84566	Sphingobacteriaceae	genus	28453	Sphingobacterium	species	797291	Sphingobacterium lactis
0.4054	superkingdom	2	Bacteria	phylum	1224	Pseudomonadota	class	28216	Betaproteobacteria	order	32003	Nitrosomonadales	family	2803844	Usitatibacteraceae	genus	2803845	Usitatibacter	species	2732067	Usitatibacter rugosus
0.3930	superkingdom	2	Bacteria	phylum	201174	Actinomycetota	class	1760	Actinomycetes	order	85013	Frankiales	family	74712	Frankiaceae	genus	1854	Frankia	species	1859	Frankia alni
0.3929	superkingdom	2	Bacteria	phylum	1239	Bacillota	class	186801	Clostridia	order	186802	Eubacteriales	family	186803	Lachnospiraceae	genus	1506553	Lachnoclostridium	species	1871021	Lachnoclostridium phocaeense
0.3898	superkingdom	2	Bacteria	phylum	1224	Pseudomonadota	class	28211	Alphaproteobacteria	order	204457	Sphingomonadales	family	335929	Erythrobacteraceae	genus	2800686	Tsuneonella	species	2055955	Tsuneonella flava
0.3758	superkingdom	2	Bacteria	phylum	1224	Pseudomonadota	class	28216	Betaproteobacteria	order	32003	Nitrosomonadales	family	206379	Nitrosomonadaceae	genus	914	Nitrosomonas	species	1444684	Nitrosomonas stercoris
0.3636	superkingdom	2	Bacteria	phylum	1224	Pseudomonadota	class	28211	Alphaproteobacteria	order	204457	Sphingomonadales	family	41297	Sphingomonadaceae	genus	13687	Sphingomonas	species	185951	Sphingomonas aerolata
0.3635	superkingdom	2	Bacteria	phylum	201174	Actinomycetota	class	1760	Actinomycetes	order	85009	Propionibacteriales	family	31957	Propionibacteriaceae	genus	29404	Microlunatus	species	630515	Microlunatus soli
0.3631	superkingdom	2	Bacteria	phylum	1224	Pseudomonadota	class	28211	Alphaproteobacteria	order	204458	Caulobacterales	family	76892	Caulobacteraceae	genus	2768684	Terricaulis	species	2686094	Terricaulis silvestris
0.3553	superkingdom	2	Bacteria	phylum	201174	Actinomycetota	class	1760	Actinomycetes	order	85009	Propionibacteriales	family	85015	Nocardioidaceae	genus	1839	Nocardioides	species	419476	Nocardioides marinisabuli
0.3461	superkingdom	2	Bacteria	phylum	201174	Actinomycetota	class	1760	Actinomycetes	order	85007	Mycobacteriales	family	85025	Nocardiaceae	genus	1817	Nocardia	species	2213200	Nocardia mangyaensis
0.3461	superkingdom	2	Bacteria	phylum	201174	Actinomycetota	class	1760	Actinomycetes	order	85009	Propionibacteriales	family	85015	Nocardioidaceae	genus	1839	Nocardioides	species	2483798	Nocardioides pantholopis
0.3437	superkingdom	2	Bacteria	phylum	976	Bacteroidota	class	117743	Flavobacteriia	order	200644	Flavobacteriales	family	2762318	Weeksellaceae	genus	2782231	Kaistella	species	2487074	Kaistella daneshvariae
0.3344	superkingdom	2	Bacteria	phylum	976	Bacteroidota	class	200643	Bacteroidia	order	171549	Bacteroidales	family	1853231	Odoribacteraceae	genus	574697	Butyricimonas	species	2093856	Butyricimonas faecalis
0.3282	superkingdom	2	Bacteria	phylum	1224	Pseudomonadota	class	28211	Alphaproteobacteria	order	356	Hyphomicrobiales	family	2843308	Pleomorphomonadaceae	genus	1572860	Hartmannibacter	species	1482074	Hartmannibacter diazotrophicus
0.3225	superkingdom	2	Bacteria	phylum	1239	Bacillota	class	91061	Bacilli	order	186826	Lactobacillales	family	33958	Lactobacillaceae	genus	2767887	Ligilactobacillus	species	1622	Ligilactobacillus murinus
0.3163	superkingdom	2	Bacteria	phylum	1224	Pseudomonadota	class	28211	Alphaproteobacteria	order	204457	Sphingomonadales	family	335929	Erythrobacteraceae	genus	1855416	Qipengyuania	species	2867233	Qipengyuania aurantiaca
0.3161	superkingdom	2	Bacteria	phylum	1224	Pseudomonadota	class	1236	Gammaproteobacteria	order	72274	Pseudomonadales	family	135621	Pseudomonadaceae	genus	286	Pseudomonas	species	2745510	Pseudomonas zeae
0.2978	superkingdom	2	Bacteria	phylum	1224	Pseudomonadota	class	28211	Alphaproteobacteria	order	204458	Caulobacterales	family	76892	Caulobacteraceae	genus	41275	Brevundimonas	species	2774190	Brevundimonas goettingensis
0.2876	superkingdom	2	Bacteria	phylum	201174	Actinomycetota	class	1760	Actinomycetes	order	85010	Pseudonocardiales	family	2070	Pseudonocardiaceae	genus	1847	Pseudonocardia	species	37331	Pseudonocardia petroleophila
0.2801	superkingdom	2	Bacteria	phylum	1224	Pseudomonadota	class	28211	Alphaproteobacteria	order	356	Hyphomicrobiales	family	69277	Phyllobacteriaceae	genus	2911176	Aquibium	species	675281	Aquibium microcysteis
0.2788	superkingdom	2	Bacteria	phylum	201174	Actinomycetota	class	1760	Actinomycetes	order	85006	Micrococcales	family	85023	Microbacteriaceae	genus	33877	Agromyces	species	659012	Agromyces soli
0.2737	superkingdom	2	Bacteria	phylum	1224	Pseudomonadota	class	1236	Gammaproteobacteria	order	135619	Oceanospirillales	family	28256	Halomonadaceae	genus	2745	Halomonas	species	507626	Halomonas chromatireducens
0.2710	superkingdom	2	Bacteria	phylum	1224	Pseudomonadota	class	1236	Gammaproteobacteria	order	2887326	Moraxellales	family	468	Moraxellaceae	genus	2824158	Aquirhabdus	species	2283318	Aquirhabdus parva
0.2688	superkingdom	2	Bacteria	phylum	74201	Verrucomicrobiota	class	203494	Verrucomicrobiae	order	48461	Verrucomicrobiales	family	203557	Verrucomicrobiaceae	genus	518753	Luteolibacter	species	2824561	Luteolibacter ambystomatis
0.2654	superkingdom	2	Bacteria	phylum	1239	Bacillota	class	91061	Bacilli	order	1385	Bacillales	family	186820	Listeriaceae	genus	2755	Brochothrix	species	2756	Brochothrix thermosphacta
0.2618	superkingdom	2	Bacteria	phylum	1224	Pseudomonadota	class	28211	Alphaproteobacteria	order	204457	Sphingomonadales	family	41297	Sphingomonadaceae	genus	13687	Sphingomonas	species	2899123	Sphingomonas cannabina
0.2566	superkingdom	2	Bacteria	phylum	1224	Pseudomonadota	class	28216	Betaproteobacteria	order	80840	Burkholderiales	family	80864	Comamonadaceae	genus	28065	Rhodoferax	species	1842727	Rhodoferax koreense
0.2385	superkingdom	2	Bacteria	phylum	1224	Pseudomonadota	class	1236	Gammaproteobacteria	order	91347	Enterobacterales	family	1903411	Yersiniaceae	genus	613	Serratia	species	42906	Serratia entomophila
0.2368	superkingdom	2	Bacteria	phylum	1224	Pseudomonadota	class	28216	Betaproteobacteria	order	80840	Burkholderiales	family	Aquabacterium - no_f_rank	Aquabacterium - no_f_rank	genus	92793	Aquabacterium	species	1296669	Aquabacterium olei
0.2255	superkingdom	2	Bacteria	phylum	1224	Pseudomonadota	class	1236	Gammaproteobacteria	order	135625	Pasteurellales	family	712	Pasteurellaceae	genus	75984	Mannheimia	species	85404	Mannheimia varigena
0.2243	superkingdom	2	Bacteria	phylum	1224	Pseudomonadota	class	1236	Gammaproteobacteria	order	135613	Chromatiales	family	72276	Ectothiorhodospiraceae	genus	106633	Thioalkalivibrio	species	186931	Thioalkalivibrio nitratireducens
0.2228	superkingdom	2	Bacteria	phylum	1224	Pseudomonadota	class	1236	Gammaproteobacteria	order	135625	Pasteurellales	family	712	Pasteurellaceae	genus	476528	Bibersteinia	species	47735	Bibersteinia trehalosi
0.2195	superkingdom	2	Bacteria	phylum	1224	Pseudomonadota	class	28216	Betaproteobacteria	order	206351	Neisseriales	family	481	Neisseriaceae	genus	2898489	Paralysiella	species	2809020	Paralysiella testudinis
0.2156	superkingdom	2	Bacteria	phylum	1224	Pseudomonadota	class	1236	Gammaproteobacteria	order	72274	Pseudomonadales	family	135621	Pseudomonadaceae	genus	286	Pseudomonas	species	2842355	Pseudomonas fakonensis
0.2130	superkingdom	2	Bacteria	phylum	201174	Actinomycetota	class	1760	Actinomycetes	order	85009	Propionibacteriales	family	85015	Nocardioidaceae	genus	116071	Micropruina	species	75385	Micropruina glycogenica
0.2123	superkingdom	2	Bacteria	phylum	1224	Pseudomonadota	class	1236	Gammaproteobacteria	order	72274	Pseudomonadales	family	135621	Pseudomonadaceae	genus	2901189	Halopseudomonas	species	797277	Halopseudomonas litoralis
0.2119	superkingdom	2	Bacteria	phylum	1224	Pseudomonadota	class	1236	Gammaproteobacteria	order	118969	Legionellales	family	444	Legionellaceae	genus	445	Legionella	species	96232	Legionella lytica
0.2030	superkingdom	2	Bacteria	phylum	1224	Pseudomonadota	class	28211	Alphaproteobacteria	order	204457	Sphingomonadales	family	41297	Sphingomonadaceae	genus	13687	Sphingomonas	species	1549858	Sphingomonas taxi
0.1969	superkingdom	2	Bacteria	phylum	1224	Pseudomonadota	class	28211	Alphaproteobacteria	order	204457	Sphingomonadales	family	335929	Erythrobacteraceae	genus	1855416	Qipengyuania	species	1532023	Qipengyuania sediminis
0.1968	superkingdom	2	Bacteria	phylum	1224	Pseudomonadota	class	1236	Gammaproteobacteria	order	135614	Xanthomonadales	family	32033	Xanthomonadaceae	genus	83614	Luteimonas	species	1176533	Luteimonas granuli
0.1949	superkingdom	2	Bacteria	phylum	1224	Pseudomonadota	class	1236	Gammaproteobacteria	order	72274	Pseudomonadales	family	135621	Pseudomonadaceae	genus	286	Pseudomonas	species	2774460	Pseudomonas allokribbensis
0.1904	superkingdom	2	Bacteria	phylum	976	Bacteroidota	class	117743	Flavobacteriia	order	200644	Flavobacteriales	family	2762318	Weeksellaceae	genus	59732	Chryseobacterium	species	2852098	Chryseobacterium faecale
0.1882	superkingdom	2	Bacteria	phylum	1224	Pseudomonadota	class	28211	Alphaproteobacteria	order	204457	Sphingomonadales	family	335929	Erythrobacteraceae	genus	1855416	Qipengyuania	species	2782568	Qipengyuania soli
0.1803	superkingdom	2	Bacteria	phylum	203682	Planctomycetota	class	203683	Planctomycetia	order	2691356	Isosphaerales	family	1763524	Isosphaeraceae	genus	1763521	Paludisphaera	species	1387353	Paludisphaera borealis
0.1652	superkingdom	2	Bacteria	phylum	1224	Pseudomonadota	class	1236	Gammaproteobacteria	order	91347	Enterobacterales	family	1903411	Yersiniaceae	genus	629	Yersinia	species	2339259	Yersinia hibernica
0.1639	superkingdom	2	Bacteria	phylum	1224	Pseudomonadota	class	28211	Alphaproteobacteria	order	356	Hyphomicrobiales	family	82115	Rhizobiaceae	genus	323620	Shinella	species	2871820	Shinella oryzae
0.1629	superkingdom	2	Bacteria	phylum	976	Bacteroidota	class	117743	Flavobacteriia	order	200644	Flavobacteriales	family	49546	Flavobacteriaceae	genus	237	Flavobacterium	species	2897181	Flavobacterium channae
0.1624	superkingdom	2	Bacteria	phylum	1239	Bacillota	class	186801	Clostridia	order	186802	Eubacteriales	family	216572	Oscillospiraceae	genus	2842531	Solibaculum	species	2780922	Solibaculum mannosilyticum
0.1617	superkingdom	2	Bacteria	phylum	1224	Pseudomonadota	class	28211	Alphaproteobacteria	order	356	Hyphomicrobiales	family	41294	Nitrobacteraceae	genus	374	Bradyrhizobium	species	190148	Bradyrhizobium paxllaeri
0.1601	superkingdom	2	Bacteria	phylum	29547	Campylobacterota	class	3031852	Epsilonproteobacteria	order	213849	Campylobacterales	family	2808963	Arcobacteraceae	genus	28196	Arcobacter	species	2320140	Arcobacter peruensis
0.1600	superkingdom	2	Bacteria	phylum	200940	Thermodesulfobacteriota	class	3031449	Desulfovibrionia	order	213115	Desulfovibrionales	family	194924	Desulfovibrionaceae	genus	872	Desulfovibrio	species	44742	Desulfovibrio fairfieldensis
0.1600	superkingdom	2	Bacteria	phylum	2818505	Myxococcota	class	Haliangiales - no_c_rank	Haliangiales - no_c_rank	order	3031714	Haliangiales	family	224464	Kofleriaceae	genus	162027	Haliangium	species	80816	Haliangium ochraceum
0.1595	superkingdom	2	Bacteria	phylum	1239	Bacillota	class	186801	Clostridia	order	186802	Eubacteriales	family	186803	Lachnospiraceae	genus	830	Butyrivibrio	species	45851	Butyrivibrio crossotus
0.1581	superkingdom	2	Bacteria	phylum	1297	Deinococcota	class	188787	Deinococci	order	118964	Deinococcales	family	183710	Deinococcaceae	genus	1298	Deinococcus	species	502394	Deinococcus gobiensis
0.1559	superkingdom	2	Bacteria	phylum	1224	Pseudomonadota	class	1236	Gammaproteobacteria	order	135614	Xanthomonadales	family	32033	Xanthomonadaceae	genus	68	Lysobacter	species	2795387	Lysobacter arenosi
0.1550	superkingdom	2	Bacteria	phylum	1224	Pseudomonadota	class	28211	Alphaproteobacteria	order	356	Hyphomicrobiales	family	119045	Methylobacteriaceae	genus	407	Methylobacterium	species	2202825	Methylobacterium durans
0.1541	superkingdom	2	Bacteria	phylum	201174	Actinomycetota	class	1760	Actinomycetes	order	85006	Micrococcales	family	85023	Microbacteriaceae	genus	33882	Microbacterium	species	1072463	Microbacterium lemovicicum
0.1536	superkingdom	2	Bacteria	phylum	1224	Pseudomonadota	class	1236	Gammaproteobacteria	order	135619	Oceanospirillales	family	135620	Oceanospirillaceae	genus	2893036	Venatoribacter	species	2661630	Venatoribacter cucullus
0.1505	superkingdom	2	Bacteria	phylum	3018035	Bdellovibrionota	class	3031418	Bdellovibrionia	order	213481	Bdellovibrionales	family	213483	Pseudobdellovibrionaceae	genus	2862745	Pseudobdellovibrio	species	453816	Pseudobdellovibrio exovorus
0.1491	superkingdom	2	Bacteria	phylum	1224	Pseudomonadota	class	1236	Gammaproteobacteria	order	72274	Pseudomonadales	family	135621	Pseudomonadaceae	genus	286	Pseudomonas	species	1785161	Pseudomonas wadenswilerensis
0.1484	superkingdom	2	Bacteria	phylum	201174	Actinomycetota	class	1760	Actinomycetes	order	85006	Micrococcales	family	145357	Dermacoccaceae	genus	745364	Luteipulveratus	species	571913	Luteipulveratus mongoliensis
0.1471	superkingdom	2	Bacteria	phylum	1224	Pseudomonadota	class	28211	Alphaproteobacteria	order	204455	Rhodobacterales	family	31989	Paracoccaceae	genus	119541	Rhodobaca	species	441209	Rhodobaca barguzinensis
0.1420	superkingdom	2	Bacteria	phylum	1224	Pseudomonadota	class	28216	Betaproteobacteria	order	80840	Burkholderiales	family	80864	Comamonadaceae	genus	238749	Diaphorobacter	species	1288495	Diaphorobacter aerolatus
0.1410	superkingdom	2	Bacteria	phylum	1224	Pseudomonadota	class	1236	Gammaproteobacteria	order	135614	Xanthomonadales	family	32033	Xanthomonadaceae	genus	338	Xanthomonas	species	2775159	Xanthomonas hydrangeae
0.1383	superkingdom	2	Bacteria	phylum	1224	Pseudomonadota	class	1236	Gammaproteobacteria	order	72274	Pseudomonadales	family	135621	Pseudomonadaceae	genus	286	Pseudomonas	species	2745495	Pseudomonas vanderleydeniana
0.1353	superkingdom	2	Bacteria	phylum	1224	Pseudomonadota	class	28211	Alphaproteobacteria	order	204441	Rhodospirillales	family	2829815	Azospirillaceae	genus	191	Azospirillum	species	2202148	Azospirillum thermophilum
0.1324	superkingdom	2	Bacteria	phylum	1224	Pseudomonadota	class	28216	Betaproteobacteria	order	80840	Burkholderiales	family	2975441	Sphaerotilaceae	genus	88	Leptothrix	species	34029	Leptothrix cholodnii
0.1319	superkingdom	2	Bacteria	phylum	976	Bacteroidota	class	117743	Flavobacteriia	order	200644	Flavobacteriales	family	49546	Flavobacteriaceae	genus	237	Flavobacterium	species	1355330	Flavobacterium faecale
0.1304	superkingdom	2	Bacteria	phylum	1224	Pseudomonadota	class	1236	Gammaproteobacteria	order	91347	Enterobacterales	family	1903409	Erwiniaceae	genus	53335	Pantoea	species	55209	Pantoea cypripedii
0.1221	superkingdom	2	Bacteria	phylum	1224	Pseudomonadota	class	28211	Alphaproteobacteria	order	204457	Sphingomonadales	family	41297	Sphingomonadaceae	genus	165696	Novosphingobium	species	1176536	Novosphingobium ginsenosidimutans
0.1210	superkingdom	2	Bacteria	phylum	201174	Actinomycetota	class	1760	Actinomycetes	order	85007	Mycobacteriales	family	85026	Gordoniaceae	genus	2053	Gordonia	species	1136941	Gordonia phthalatica
0.1184	superkingdom	2	Bacteria	phylum	201174	Actinomycetota	class	1760	Actinomycetes	order	85009	Propionibacteriales	family	85015	Nocardioidaceae	genus	1839	Nocardioides	species	627624	Nocardioides panacisoli
0.1167	superkingdom	2	Bacteria	phylum	1224	Pseudomonadota	class	28216	Betaproteobacteria	order	206389	Rhodocyclales	family	2008794	Zoogloeaceae	genus	33057	Thauera	species	1134435	Thauera humireducens
0.1166	superkingdom	2	Bacteria	phylum	201174	Actinomycetota	class	1760	Actinomycetes	order	85008	Micromonosporales	family	28056	Micromonosporaceae	genus	1865	Actinoplanes	species	1866	Actinoplanes missouriensis
0.1124	superkingdom	2	Bacteria	phylum	1239	Bacillota	class	909932	Negativicutes	order	1843489	Veillonellales	family	31977	Veillonellaceae	genus	39948	Dialister	species	2161821	Dialister massiliensis
0.1096	superkingdom	2	Bacteria	phylum	200940	Thermodesulfobacteriota	class	3031651	Desulfuromonadia	order	69541	Desulfuromonadales	family	3031665	Geoalkalibacteraceae	genus	392332	Geoalkalibacter	species	483547	Geoalkalibacter subterraneus
0.1076	superkingdom	2	Bacteria	phylum	201174	Actinomycetota	class	1760	Actinomycetes	order	85009	Propionibacteriales	family	2805400	Actinopolymorphaceae	genus	117156	Actinopolymorpha	species	117157	Actinopolymorpha singaporensis
0.1063	superkingdom	2	Bacteria	phylum	1224	Pseudomonadota	class	1236	Gammaproteobacteria	order	72274	Pseudomonadales	family	135621	Pseudomonadaceae	genus	286	Pseudomonas	species	2518644	Pseudomonas tructae
0.1031	superkingdom	2	Bacteria	phylum	1224	Pseudomonadota	class	28211	Alphaproteobacteria	order	204457	Sphingomonadales	family	41297	Sphingomonadaceae	genus	13687	Sphingomonas	species	2938948	Sphingomonas glaciei
0.1030	superkingdom	2	Bacteria	phylum	1224	Pseudomonadota	class	28211	Alphaproteobacteria	order	204458	Caulobacterales	family	76892	Caulobacteraceae	genus	41275	Brevundimonas	species	74313	Brevundimonas subvibrioides
0.1028	superkingdom	2	Bacteria	phylum	1224	Pseudomonadota	class	28211	Alphaproteobacteria	order	356	Hyphomicrobiales	family	335928	Xanthobacteraceae	genus	6	Azorhizobium	species	7	Azorhizobium caulinodans
0.1013	superkingdom	2	Bacteria	phylum	1224	Pseudomonadota	class	28211	Alphaproteobacteria	order	204457	Sphingomonadales	family	41297	Sphingomonadaceae	genus	13687	Sphingomonas	species	2872652	Sphingomonas nostoxanthinifaciens
0.0997	superkingdom	2	Bacteria	phylum	2818505	Myxococcota	class	32015	Myxococcia	order	29	Myxococcales	family	31	Myxococcaceae	genus	32	Myxococcus	species	1297742	Myxococcus hansupus
0.0984	superkingdom	2	Bacteria	phylum	1239	Bacillota	class	1737404	Tissierellia	order	1737405	Tissierellales	family	1737406	Tissierellaceae	genus	2692382	Gudongella	species	1582259	Gudongella oleilytica
0.0968	superkingdom	2	Bacteria	phylum	201174	Actinomycetota	class	1760	Actinomycetes	order	85010	Pseudonocardiales	family	2070	Pseudonocardiaceae	genus	2071	Saccharothrix	species	103731	Saccharothrix espanaensis
0.0959	superkingdom	2	Bacteria	phylum	1224	Pseudomonadota	class	1236	Gammaproteobacteria	order	135614	Xanthomonadales	family	32033	Xanthomonadaceae	genus	68	Lysobacter	species	2698682	Lysobacter oculi
0.0953	superkingdom	2	Bacteria	phylum	1239	Bacillota	class	91061	Bacilli	order	186826	Lactobacillales	family	33958	Lactobacillaceae	genus	2742598	Limosilactobacillus	species	97478	Limosilactobacillus mucosae
0.0952	superkingdom	2	Bacteria	phylum	976	Bacteroidota	class	117743	Flavobacteriia	order	200644	Flavobacteriales	family	2762318	Weeksellaceae	genus	59732	Chryseobacterium	species	2497456	Chryseobacterium aureum
0.0949	superkingdom	2	Bacteria	phylum	1224	Pseudomonadota	class	1236	Gammaproteobacteria	order	72274	Pseudomonadales	family	135621	Pseudomonadaceae	genus	286	Pseudomonas	species	2505979	Pseudomonas viciae
0.0934	superkingdom	2	Bacteria	phylum	1224	Pseudomonadota	class	1236	Gammaproteobacteria	order	72274	Pseudomonadales	family	135621	Pseudomonadaceae	genus	286	Pseudomonas	species	33069	Pseudomonas viridiflava
0.0931	superkingdom	2	Bacteria	phylum	1224	Pseudomonadota	class	28216	Betaproteobacteria	order	32003	Nitrosomonadales	family	2772226	Sulfuricellaceae	genus	2772198	Sulfurimicrobium	species	2715678	Sulfurimicrobium lacus
0.0878	superkingdom	2	Bacteria	phylum	1224	Pseudomonadota	class	28211	Alphaproteobacteria	order	356	Hyphomicrobiales	family	2843305	Phreatobacteraceae	genus	1632780	Phreatobacter	species	1868589	Phreatobacter cathodiphilus
0.0853	superkingdom	2	Bacteria	phylum	1224	Pseudomonadota	class	1236	Gammaproteobacteria	order	72274	Pseudomonadales	family	135621	Pseudomonadaceae	genus	286	Pseudomonas	species	65741	Pseudomonas knackmussii
0.0843	superkingdom	2	Bacteria	phylum	1224	Pseudomonadota	class	28216	Betaproteobacteria	order	80840	Burkholderiales	family	80864	Comamonadaceae	genus	283	Comamonas	species	1562974	Comamonas piscis
0.0840	superkingdom	2	Bacteria	phylum	1224	Pseudomonadota	class	28211	Alphaproteobacteria	order	204457	Sphingomonadales	family	335929	Erythrobacteraceae	genus	1855416	Qipengyuania	species	2867231	Qipengyuania gelatinilytica
0.0837	superkingdom	2	Bacteria	phylum	976	Bacteroidota	class	117743	Flavobacteriia	order	200644	Flavobacteriales	family	2762318	Weeksellaceae	genus	59732	Chryseobacterium	species	2929799	Chryseobacterium oryzae
0.0817	superkingdom	2	Bacteria	phylum	976	Bacteroidota	class	117747	Sphingobacteriia	order	200666	Sphingobacteriales	family	84566	Sphingobacteriaceae	genus	1649482	Pseudopedobacter	species	151895	Pseudopedobacter saltans
0.0808	superkingdom	2	Bacteria	phylum	1224	Pseudomonadota	class	28211	Alphaproteobacteria	order	204457	Sphingomonadales	family	41297	Sphingomonadaceae	genus	13687	Sphingomonas	species	2759526	Sphingomonas aliaeris
0.0794	superkingdom	2	Bacteria	phylum	1224	Pseudomonadota	class	1236	Gammaproteobacteria	order	91347	Enterobacterales	family	543	Enterobacteriaceae	genus	1504576	Pseudocitrobacter	species	2891570	Pseudocitrobacter corydidari
0.0761	superkingdom	2	Bacteria	phylum	1239	Bacillota	class	186801	Clostridia	order	186802	Eubacteriales	family	Intestinimonas - no_f_rank	Intestinimonas - no_f_rank	genus	1392389	Intestinimonas	species	1297617	Intestinimonas butyriciproducens
0.0751	superkingdom	2	Bacteria	phylum	976	Bacteroidota	class	117743	Flavobacteriia	order	200644	Flavobacteriales	family	2762318	Weeksellaceae	genus	59732	Chryseobacterium	species	2547600	Chryseobacterium salivictor
0.0739	superkingdom	2	Bacteria	phylum	201174	Actinomycetota	class	1760	Actinomycetes	order	85007	Mycobacteriales	family	1762	Mycobacteriaceae	genus	1866885	Mycolicibacterium	species	146017	Mycolicibacterium boenickei
0.0734	superkingdom	2	Bacteria	phylum	1239	Bacillota	class	91061	Bacilli	order	186826	Lactobacillales	family	1300	Streptococcaceae	genus	1301	Streptococcus	species	1305	Streptococcus sanguinis
0.0727	superkingdom	2	Bacteria	phylum	976	Bacteroidota	class	200643	Bacteroidia	order	171549	Bacteroidales	family	815	Bacteroidaceae	genus	816	Bacteroides	species	2650157	Bacteroides zhangwenhongii
0.0724	superkingdom	2	Bacteria	phylum	1224	Pseudomonadota	class	28216	Betaproteobacteria	order	32003	Nitrosomonadales	family	2008793	Sterolibacteriaceae	genus	1914449	Rugosibacter	species	1565605	Rugosibacter aromaticivorans
0.0721	superkingdom	2	Bacteria	phylum	1224	Pseudomonadota	class	28216	Betaproteobacteria	order	206351	Neisseriales	family	481	Neisseriaceae	genus	2944815	Wielerella	species	2917790	Wielerella bovis
0.0720	superkingdom	2	Bacteria	phylum	1224	Pseudomonadota	class	1236	Gammaproteobacteria	order	135613	Chromatiales	family	1046	Chromatiaceae	genus	2828366	Caldichromatium	species	2699430	Caldichromatium japonicum
0.0716	superkingdom	2	Bacteria	phylum	1224	Pseudomonadota	class	1236	Gammaproteobacteria	order	72274	Pseudomonadales	family	135621	Pseudomonadaceae	genus	286	Pseudomonas	species	640205	Pseudomonas seleniipraecipitans
0.0707	superkingdom	2	Bacteria	phylum	1224	Pseudomonadota	class	28211	Alphaproteobacteria	order	356	Hyphomicrobiales	family	119045	Methylobacteriaceae	genus	407	Methylobacterium	species	334852	Methylobacterium oryzae
0.0680	superkingdom	2	Bacteria	phylum	200940	Thermodesulfobacteriota	class	3031651	Desulfuromonadia	order	69541	Desulfuromonadales	family	3031665	Geoalkalibacteraceae	genus	392332	Geoalkalibacter	species	2847045	Geoalkalibacter halelectricus
0.0672	superkingdom	2	Bacteria	phylum	1239	Bacillota	class	186801	Clostridia	order	186802	Eubacteriales	family	186803	Lachnospiraceae	genus	2944152	Wujia	species	2763670	Wujia chipingensis
0.0652	superkingdom	2	Bacteria	phylum	200940	Thermodesulfobacteriota	class	3031651	Desulfuromonadia	order	3031668	Geobacterales	family	213422	Geobacteraceae	genus	28231	Geobacter	species	2815309	Geobacter benzoatilyticus
0.0637	superkingdom	2	Bacteria	phylum	201174	Actinomycetota	class	1760	Actinomycetes	order	414714	Catenulisporales	family	414877	Catenulisporaceae	genus	414878	Catenulispora	species	304895	Catenulispora acidiphila
0.0627	superkingdom	2	Bacteria	phylum	1224	Pseudomonadota	class	28211	Alphaproteobacteria	order	204455	Rhodobacterales	family	31989	Paracoccaceae	genus	2946607	Neotabrizicola	species	2807096	Neotabrizicola shimadae
0.0607	superkingdom	2	Bacteria	phylum	1224	Pseudomonadota	class	28216	Betaproteobacteria	order	206351	Neisseriales	family	1499392	Chromobacteriaceae	genus	400060	Paludibacterium	species	1225769	Paludibacterium paludis
0.0607	superkingdom	2	Bacteria	phylum	1224	Pseudomonadota	class	28211	Alphaproteobacteria	order	204455	Rhodobacterales	family	2854170	Roseobacteraceae	genus	191028	Leisingera	species	133924	Leisingera methylohalidivorans
0.0596	superkingdom	2	Bacteria	phylum	976	Bacteroidota	class	117743	Flavobacteriia	order	200644	Flavobacteriales	family	2762318	Weeksellaceae	genus	59732	Chryseobacterium	species	1265445	Chryseobacterium camelliae
0.0587	superkingdom	2	Bacteria	phylum	1224	Pseudomonadota	class	28216	Betaproteobacteria	order	206351	Neisseriales	family	1499392	Chromobacteriaceae	genus	407217	Aquitalea	species	1537400	Aquitalea aquatilis
0.0583	superkingdom	2	Bacteria	phylum	201174	Actinomycetota	class	1760	Actinomycetes	order	85006	Micrococcales	family	85016	Cellulomonadaceae	genus	665568	Paraoerskovia	species	545619	Paraoerskovia marina
0.0575	superkingdom	2	Bacteria	phylum	1224	Pseudomonadota	class	28211	Alphaproteobacteria	order	204457	Sphingomonadales	family	335929	Erythrobacteraceae	genus	2800682	Paraurantiacibacter	species	645517	Paraurantiacibacter namhicola
0.0567	superkingdom	2	Bacteria	phylum	1224	Pseudomonadota	class	28211	Alphaproteobacteria	order	204455	Rhodobacterales	family	2854170	Roseobacteraceae	genus	302485	Phaeobacter	species	221822	Phaeobacter inhibens
0.0556	superkingdom	2	Bacteria	phylum	1224	Pseudomonadota	class	28211	Alphaproteobacteria	order	356	Hyphomicrobiales	family	2813035	Parvibaculaceae	genus	2838250	Kaustia	species	2593653	Kaustia mangrovi
0.0555	superkingdom	2	Bacteria	phylum	1224	Pseudomonadota	class	1236	Gammaproteobacteria	order	91347	Enterobacterales	family	1903409	Erwiniaceae	genus	551	Erwinia	species	79967	Erwinia pyrifoliae
0.0552	superkingdom	2	Bacteria	phylum	1224	Pseudomonadota	class	1236	Gammaproteobacteria	order	135614	Xanthomonadales	family	32033	Xanthomonadaceae	genus	83618	Pseudoxanthomonas	species	415229	Pseudoxanthomonas spadix
0.0540	superkingdom	2	Bacteria	phylum	1224	Pseudomonadota	class	28216	Betaproteobacteria	order	80840	Burkholderiales	family	995019	Sutterellaceae	genus	1980697	Duodenibacillus	species	1852381	Duodenibacillus massiliensis
0.0536	superkingdom	2	Bacteria	phylum	1224	Pseudomonadota	class	28216	Betaproteobacteria	order	80840	Burkholderiales	family	119060	Burkholderiaceae	genus	1827195	Caballeronia	species	758793	Caballeronia insecticola
0.0533	superkingdom	2	Bacteria	phylum	203691	Spirochaetota	class	203692	Spirochaetia	order	136	Spirochaetales	family	2845253	Treponemataceae	genus	157	Treponema	species	2787628	Treponema peruense
0.0528	superkingdom	2	Bacteria	phylum	1224	Pseudomonadota	class	28211	Alphaproteobacteria	order	204457	Sphingomonadales	family	41297	Sphingomonadaceae	genus	13687	Sphingomonas	species	1560345	Sphingomonas panacis
0.0504	superkingdom	2	Bacteria	phylum	1224	Pseudomonadota	class	1236	Gammaproteobacteria	order	72274	Pseudomonadales	family	135621	Pseudomonadaceae	genus	286	Pseudomonas	species	216142	Pseudomonas rhizosphaerae
0.0497	superkingdom	2	Bacteria	phylum	1224	Pseudomonadota	class	28216	Betaproteobacteria	order	80840	Burkholderiales	family	119060	Burkholderiaceae	genus	32008	Burkholderia	species	41899	Burkholderia plantarii
0.0472	superkingdom	2	Bacteria	phylum	201174	Actinomycetota	class	1760	Actinomycetes	order	622452	Kineosporiales	family	83778	Kineosporiaceae	genus	33981	Kineococcus	species	131568	Kineococcus radiotolerans
0.0463	superkingdom	2	Bacteria	phylum	1239	Bacillota	class	186801	Clostridia	order	186802	Eubacteriales	family	539000	Clostridiales Family XVII. Incertae Sedis	genus	73918	Thermaerobacter	species	73919	Thermaerobacter marianensis
0.0458	superkingdom	2	Bacteria	phylum	201174	Actinomycetota	class	1760	Actinomycetes	order	2037	Actinomycetales	family	2049	Actinomycetaceae	genus	1654	Actinomyces	species	675090	Actinomyces weissii
0.0445	superkingdom	2	Bacteria	phylum	1239	Bacillota	class	186801	Clostridia	order	186802	Eubacteriales	family	216572	Oscillospiraceae	genus	1263	Ruminococcus	species	1160721	Ruminococcus bicirculans (ex Wegman et al. 2014)
0.0428	superkingdom	2	Bacteria	phylum	1224	Pseudomonadota	class	28216	Betaproteobacteria	order	206351	Neisseriales	family	2897177	Chitinibacteraceae	genus	1055692	Chitinolyticbacter	species	682798	Chitinolyticbacter meiyuanensis
0.0415	superkingdom	2	Bacteria	phylum	976	Bacteroidota	class	200643	Bacteroidia	order	171549	Bacteroidales	family	171550	Rikenellaceae	genus	239759	Alistipes	species	2585118	Alistipes communis
0.0408	superkingdom	2	Bacteria	phylum	1224	Pseudomonadota	class	28216	Betaproteobacteria	order	80840	Burkholderiales	family	75682	Oxalobacteraceae	genus	149698	Massilia	species	2045208	Massilia violaceinigra
0.0398	superkingdom	2	Bacteria	phylum	1224	Pseudomonadota	class	28216	Betaproteobacteria	order	32003	Nitrosomonadales	family	32011	Methylophilaceae	genus	359407	Methylotenera	species	359408	Methylotenera mobilis
0.0394	superkingdom	2	Bacteria	phylum	1224	Pseudomonadota	class	28216	Betaproteobacteria	order	32003	Nitrosomonadales	family	32011	Methylophilaceae	genus	16	Methylophilus	species	17	Methylophilus methylotrophus
0.0387	superkingdom	2	Bacteria	phylum	1224	Pseudomonadota	class	28211	Alphaproteobacteria	order	356	Hyphomicrobiales	family	2813035	Parvibaculaceae	genus	256616	Parvibaculum	species	256618	Parvibaculum lavamentivorans
0.0383	superkingdom	2	Bacteria	phylum	1224	Pseudomonadota	class	28216	Betaproteobacteria	order	80840	Burkholderiales	family	119060	Burkholderiaceae	genus	48736	Ralstonia	species	28097	Ralstonia syzygii
0.0367	superkingdom	2	Bacteria	phylum	201174	Actinomycetota	class	1760	Actinomycetes	order	85011	Kitasatosporales	family	2062	Streptomycetaceae	genus	1883	Streptomyces	species	73044	Streptomyces seoulensis
0.0356	superkingdom	2	Bacteria	phylum	1224	Pseudomonadota	class	28216	Betaproteobacteria	order	80840	Burkholderiales	family	119060	Burkholderiaceae	genus	93217	Pandoraea	species	656179	Pandoraea faecigallinarum
0.0348	superkingdom	2	Bacteria	phylum	1239	Bacillota	class	909932	Negativicutes	order	909929	Selenomonadales	family	1843491	Selenomonadaceae	genus	970	Selenomonas	species	2754044	Selenomonas timonae
0.0345	superkingdom	2	Bacteria	phylum	201174	Actinomycetota	class	1760	Actinomycetes	order	85009	Propionibacteriales	family	31957	Propionibacteriaceae	genus	72763	Tessaracoccus	species	1610493	Tessaracoccus flavus
0.0334	superkingdom	2	Bacteria	phylum	1224	Pseudomonadota	class	28216	Betaproteobacteria	order	80840	Burkholderiales	family	2975441	Sphaerotilaceae	genus	196013	Caldimonas	species	413882	Caldimonas brevitalea
0.0331	superkingdom	2	Bacteria	phylum	1224	Pseudomonadota	class	28211	Alphaproteobacteria	order	204458	Caulobacterales	family	76892	Caulobacteraceae	genus	76890	Asticcacaulis	species	78587	Asticcacaulis excentricus
0.0325	superkingdom	2	Bacteria	phylum	1224	Pseudomonadota	class	1236	Gammaproteobacteria	order	135613	Chromatiales	family	72276	Ectothiorhodospiraceae	genus	1765964	Acidihalobacter	species	2792603	Acidihalobacter aeolianus
0.0314	superkingdom	2	Bacteria	phylum	1224	Pseudomonadota	class	28216	Betaproteobacteria	order	80840	Burkholderiales	family	75682	Oxalobacteraceae	genus	1522432	Pseudoduganella	species	321985	Pseudoduganella lutea
0.0314	superkingdom	2	Bacteria	phylum	201174	Actinomycetota	class	1760	Actinomycetes	order	85006	Micrococcales	family	85017	Promicromonosporaceae	genus	186188	Xylanimonas	species	2509459	Xylanimonas allomyrinae
0.0312	superkingdom	2	Bacteria	phylum	201174	Actinomycetota	class	1760	Actinomycetes	order	85006	Micrococcales	family	85023	Microbacteriaceae	genus	33882	Microbacterium	species	370764	Microbacterium pygmaeum
0.0304	superkingdom	2	Bacteria	phylum	1224	Pseudomonadota	class	1236	Gammaproteobacteria	order	91347	Enterobacterales	family	1903410	Pectobacteriaceae	genus	2884243	Musicola	species	69223	Musicola paradisiaca
0.0298	superkingdom	2	Bacteria	phylum	1224	Pseudomonadota	class	28216	Betaproteobacteria	order	80840	Burkholderiales	family	119060	Burkholderiaceae	genus	106589	Cupriavidus	species	2608999	Cupriavidus cauae
0.0291	superkingdom	2	Bacteria	phylum	1224	Pseudomonadota	class	28211	Alphaproteobacteria	order	204441	Rhodospirillales	family	2690195	Elioraeaceae	genus	457933	Elioraea	species	2843330	Elioraea tepida
0.0290	superkingdom	2	Bacteria	phylum	1224	Pseudomonadota	class	28211	Alphaproteobacteria	order	204441	Rhodospirillales	family	2829815	Azospirillaceae	genus	191	Azospirillum	species	528244	Azospirillum thiophilum
0.0290	superkingdom	2	Bacteria	phylum	1224	Pseudomonadota	class	1236	Gammaproteobacteria	order	135613	Chromatiales	family	1046	Chromatiaceae	genus	85073	Thermochromatium	species	1050	Thermochromatium tepidum
0.0284	superkingdom	2	Bacteria	phylum	1224	Pseudomonadota	class	28211	Alphaproteobacteria	order	356	Hyphomicrobiales	family	45404	Beijerinckiaceae	genus	1156568	Methylovirgula	species	569860	Methylovirgula ligni
0.0272	superkingdom	2	Bacteria	phylum	201174	Actinomycetota	class	1760	Actinomycetes	order	85006	Micrococcales	family	Pengzhenrongella - no_f_rank	Pengzhenrongella - no_f_rank	genus	2888818	Pengzhenrongella	species	2819238	Pengzhenrongella sicca
0.0271	superkingdom	2	Bacteria	phylum	1224	Pseudomonadota	class	1236	Gammaproteobacteria	order	135614	Xanthomonadales	family	32033	Xanthomonadaceae	genus	83614	Luteimonas	species	2565782	Luteimonas yindakuii
0.0262	superkingdom	2	Bacteria	phylum	1224	Pseudomonadota	class	1236	Gammaproteobacteria	order	72274	Pseudomonadales	family	135621	Pseudomonadaceae	genus	286	Pseudomonas	species	359110	Pseudomonas extremaustralis
0.0260	superkingdom	2	Bacteria	phylum	1224	Pseudomonadota	class	28216	Betaproteobacteria	order	80840	Burkholderiales	family	75682	Oxalobacteraceae	genus	29580	Janthinobacterium	species	2590869	Janthinobacterium tructae
0.0247	superkingdom	2	Bacteria	phylum	201174	Actinomycetota	class	84998	Coriobacteriia	order	84999	Coriobacteriales	family	1643824	Atopobiaceae	genus	2082587	Parolsenella	species	1871022	Parolsenella massiliensis
0.0241	superkingdom	2	Bacteria	phylum	1224	Pseudomonadota	class	28216	Betaproteobacteria	order	80840	Burkholderiales	family	75682	Oxalobacteraceae	genus	1522432	Pseudoduganella	species	2072590	Pseudoduganella armeniaca
0.0239	superkingdom	2	Bacteria	phylum	200940	Thermodesulfobacteriota	class	3031651	Desulfuromonadia	order	3031668	Geobacterales	family	213422	Geobacteraceae	genus	2651583	Geomonas	species	2740185	Geomonas paludis
0.0236	superkingdom	2	Bacteria	phylum	1224	Pseudomonadota	class	1236	Gammaproteobacteria	order	72274	Pseudomonadales	family	135621	Pseudomonadaceae	genus	286	Pseudomonas	species	3019968	Pseudomonas sp. MM227
0.0229	superkingdom	2	Bacteria	phylum	1224	Pseudomonadota	class	28211	Alphaproteobacteria	order	204458	Caulobacterales	family	76892	Caulobacteraceae	genus	41275	Brevundimonas	species	1312364	Brevundimonas albigilva
0.0229	superkingdom	2	Bacteria	phylum	1239	Bacillota	class	186801	Clostridia	order	186802	Eubacteriales	family	186803	Lachnospiraceae	genus	2944195	Qiania	species	2763669	Qiania dongpingensis
0.0226	superkingdom	2	Bacteria	phylum	201174	Actinomycetota	class	1760	Actinomycetes	order	85007	Mycobacteriales	family	1762	Mycobacteriaceae	genus	1866885	Mycolicibacterium	species	212765	Mycolicibacterium madagascariense
0.0225	superkingdom	2	Bacteria	phylum	1224	Pseudomonadota	class	1236	Gammaproteobacteria	order	135618	Methylococcales	family	403	Methylococcaceae	genus	416	Methylomonas	species	1538553	Methylomonas denitrificans
0.0223	superkingdom	2	Bacteria	phylum	1224	Pseudomonadota	class	28216	Betaproteobacteria	order	32003	Nitrosomonadales	family	90627	Gallionellaceae	genus	1443590	Ferriphaselus	species	1188319	Ferriphaselus amnicola
0.0218	superkingdom	2	Bacteria	phylum	976	Bacteroidota	class	1853228	Chitinophagia	order	1853229	Chitinophagales	family	563835	Chitinophagaceae	genus	2836216	Phnomibacter	species	2676868	Phnomibacter ginsenosidimutans
0.0210	superkingdom	2	Bacteria	phylum	1224	Pseudomonadota	class	28216	Betaproteobacteria	order	80840	Burkholderiales	family	Xylophilus - no_f_rank	Xylophilus - no_f_rank	genus	54066	Xylophilus	species	2697032	Xylophilus rhododendri
0.0207	superkingdom	2	Bacteria	phylum	201174	Actinomycetota	class	1760	Actinomycetes	order	85007	Mycobacteriales	family	1762	Mycobacteriaceae	genus	1866885	Mycolicibacterium	species	85968	Mycolicibacterium brumae
0.0206	superkingdom	2	Bacteria	phylum	1224	Pseudomonadota	class	1236	Gammaproteobacteria	order	72274	Pseudomonadales	family	135621	Pseudomonadaceae	genus	286	Pseudomonas	species	1245526	Pseudomonas guangdongensis
0.0203	superkingdom	2	Bacteria	phylum	201174	Actinomycetota	class	1760	Actinomycetes	order	85006	Micrococcales	family	85023	Microbacteriaceae	genus	110932	Leifsonia	species	1575	Leifsonia xyli
0.0201	superkingdom	2	Bacteria	phylum	1224	Pseudomonadota	class	28211	Alphaproteobacteria	order	356	Hyphomicrobiales	family	82115	Rhizobiaceae	genus	357	Agrobacterium	species	1183413	Agrobacterium salinitolerans
0.0184	superkingdom	2	Bacteria	phylum	201174	Actinomycetota	class	1760	Actinomycetes	order	85006	Micrococcales	family	85020	Dermabacteraceae	genus	43668	Brachybacterium	species	2795215	Brachybacterium halotolerans
0.0181	superkingdom	2	Bacteria	phylum	1224	Pseudomonadota	class	1236	Gammaproteobacteria	order	72274	Pseudomonadales	family	135621	Pseudomonadaceae	genus	286	Pseudomonas	species	2842349	Pseudomonas asgharzadehiana
0.0176	superkingdom	2	Bacteria	phylum	203682	Planctomycetota	class	203683	Planctomycetia	order	2691354	Pirellulales	family	2691359	Lacipirellulaceae	genus	2795783	Pirellulimonas	species	2528009	Pirellulimonas nuda
0.0169	superkingdom	2	Bacteria	phylum	1224	Pseudomonadota	class	28211	Alphaproteobacteria	order	204457	Sphingomonadales	family	335929	Erythrobacteraceae	genus	2800686	Tsuneonella	species	692370	Tsuneonella dongtanensis
0.0169	superkingdom	2	Bacteria	phylum	1224	Pseudomonadota	class	28216	Betaproteobacteria	order	80840	Burkholderiales	family	119060	Burkholderiaceae	genus	48736	Ralstonia	species	105219	Ralstonia mannitolilytica
0.0168	superkingdom	2	Bacteria	phylum	1224	Pseudomonadota	class	28216	Betaproteobacteria	order	206351	Neisseriales	family	481	Neisseriaceae	genus	194195	Alysiella	species	153491	Alysiella crassa
0.0163	superkingdom	2	Bacteria	phylum	1224	Pseudomonadota	class	28216	Betaproteobacteria	order	80840	Burkholderiales	family	119060	Burkholderiaceae	genus	106589	Cupriavidus	species	106590	Cupriavidus necator
0.0161	superkingdom	2	Bacteria	phylum	201174	Actinomycetota	class	84998	Coriobacteriia	order	1643822	Eggerthellales	family	1643826	Eggerthellaceae	genus	2815775	Berryella	species	2734634	Berryella wangjianweii
0.0154	superkingdom	2	Bacteria	phylum	1224	Pseudomonadota	class	1236	Gammaproteobacteria	order	72274	Pseudomonadales	family	135621	Pseudomonadaceae	genus	286	Pseudomonas	species	1198456	Pseudomonas guguanensis
0.0148	superkingdom	2	Bacteria	phylum	201174	Actinomycetota	class	1760	Actinomycetes	order	85007	Mycobacteriales	family	1762	Mycobacteriaceae	genus	1866885	Mycolicibacterium	species	1534349	Mycolicibacterium helvum
0.0148	superkingdom	2	Bacteria	phylum	1224	Pseudomonadota	class	28211	Alphaproteobacteria	order	356	Hyphomicrobiales	family	119045	Methylobacteriaceae	genus	407	Methylobacterium	species	114616	Methylobacterium nodulans
0.0148	superkingdom	2	Bacteria	phylum	1239	Bacillota	class	186801	Clostridia	order	186802	Eubacteriales	family	2937909	Desulfitobacteriaceae	genus	56112	Dehalobacter	species	55583	Dehalobacter restrictus
0.0148	superkingdom	2	Bacteria	phylum	1224	Pseudomonadota	class	28211	Alphaproteobacteria	order	356	Hyphomicrobiales	family	255475	Aurantimonadaceae	genus	293088	Martelella	species	293089	Martelella mediterranea
0.0147	superkingdom	2	Bacteria	phylum	1224	Pseudomonadota	class	1236	Gammaproteobacteria	order	135619	Oceanospirillales	family	28256	Halomonadaceae	genus	2745	Halomonas	species	2497861	Halomonas tianxiuensis
0.0145	superkingdom	2	Bacteria	phylum	1224	Pseudomonadota	class	28216	Betaproteobacteria	order	80840	Burkholderiales	family	80864	Comamonadaceae	genus	52972	Polaromonas	species	216465	Polaromonas naphthalenivorans
0.0136	superkingdom	2	Bacteria	phylum	1224	Pseudomonadota	class	28211	Alphaproteobacteria	order	356	Hyphomicrobiales	family	69277	Phyllobacteriaceae	genus	1915401	Roseitalea	species	1852022	Roseitalea porphyridii
0.0132	superkingdom	2	Bacteria	phylum	1224	Pseudomonadota	class	1236	Gammaproteobacteria	order	72274	Pseudomonadales	family	135621	Pseudomonadaceae	genus	2901189	Halopseudomonas	species	487184	Halopseudomonas xinjiangensis
0.0132	superkingdom	2	Bacteria	phylum	1224	Pseudomonadota	class	1236	Gammaproteobacteria	order	72274	Pseudomonadales	family	135621	Pseudomonadaceae	genus	286	Pseudomonas	species	2745490	Pseudomonas xantholysinigenes
0.0131	superkingdom	2	Bacteria	phylum	1224	Pseudomonadota	class	1236	Gammaproteobacteria	order	91347	Enterobacterales	family	1903411	Yersiniaceae	genus	1745211	Chania	species	1639108	Chania multitudinisentens
0.0130	superkingdom	2	Bacteria	phylum	201174	Actinomycetota	class	1760	Actinomycetes	order	85007	Mycobacteriales	family	1762	Mycobacteriaceae	genus	1866885	Mycolicibacterium	species	126673	Mycolicibacterium doricum
0.0116	superkingdom	2	Bacteria	phylum	1224	Pseudomonadota	class	1236	Gammaproteobacteria	order	91347	Enterobacterales	family	1903411	Yersiniaceae	genus	34037	Rahnella	species	58169	Rahnella inusitata
0.0115	superkingdom	2	Bacteria	phylum	1224	Pseudomonadota	class	28211	Alphaproteobacteria	order	356	Hyphomicrobiales	family	82115	Rhizobiaceae	genus	379	Rhizobium	species	451876	Rhizobium rhizoryzae
0.0114	superkingdom	2	Bacteria	phylum	1224	Pseudomonadota	class	28216	Betaproteobacteria	order	80840	Burkholderiales	family	75682	Oxalobacteraceae	genus	149698	Massilia	species	2728020	Massilia forsythiae
0.0113	superkingdom	2	Bacteria	phylum	1224	Pseudomonadota	class	28216	Betaproteobacteria	order	32003	Nitrosomonadales	family	90627	Gallionellaceae	genus	96	Gallionella	species	370405	Gallionella capsiferriformans
0.0111	superkingdom	2	Bacteria	phylum	201174	Actinomycetota	class	1760	Actinomycetes	order	85006	Micrococcales	family	85023	Microbacteriaceae	genus	33882	Microbacterium	species	344163	Microbacterium terricola
0.0111	superkingdom	2	Bacteria	phylum	201174	Actinomycetota	class	1760	Actinomycetes	order	85006	Micrococcales	family	85023	Microbacteriaceae	genus	1230698	Marisediminicola	species	674079	Marisediminicola antarctica
0.0111	superkingdom	2	Bacteria	phylum	201174	Actinomycetota	class	1760	Actinomycetes	order	85006	Micrococcales	family	85023	Microbacteriaceae	genus	33877	Agromyces	species	453304	Agromyces aureus
0.0110	superkingdom	2	Bacteria	phylum	201174	Actinomycetota	class	1760	Actinomycetes	order	85008	Micromonosporales	family	28056	Micromonosporaceae	genus	35753	Dactylosporangium	species	53359	Dactylosporangium fulvum
0.0110	superkingdom	2	Bacteria	phylum	1239	Bacillota	class	186801	Clostridia	order	186802	Eubacteriales	family	186803	Lachnospiraceae	genus	2719231	Lacrimispora	species	29370	Lacrimispora sphenoides
0.0109	superkingdom	2	Bacteria	phylum	1224	Pseudomonadota	class	28211	Alphaproteobacteria	order	356	Hyphomicrobiales	family	Terrihabitans - no_f_rank	Terrihabitans - no_f_rank	genus	2874214	Terrihabitans	species	708113	Terrihabitans soli
0.0105	superkingdom	2	Bacteria	phylum	1224	Pseudomonadota	class	28216	Betaproteobacteria	order	32003	Nitrosomonadales	family	2772226	Sulfuricellaceae	genus	935200	Sulfuricella	species	649841	Sulfuricella denitrificans
0.0104	superkingdom	2	Bacteria	phylum	201174	Actinomycetota	class	1760	Actinomycetes	order	85009	Propionibacteriales	family	85015	Nocardioidaceae	genus	86795	Marmoricola	species	642780	Marmoricola scoriae
0.0103	superkingdom	2	Bacteria	phylum	1224	Pseudomonadota	class	28216	Betaproteobacteria	order	206389	Rhodocyclales	family	2008795	Azonexaceae	genus	88875	Ferribacterium	species	76259	Ferribacterium limneticum
0.0101	superkingdom	2	Bacteria	phylum	1224	Pseudomonadota	class	28216	Betaproteobacteria	order	80840	Burkholderiales	family	75682	Oxalobacteraceae	genus	1522432	Pseudoduganella	species	864828	Pseudoduganella umbonata
0.0101	superkingdom	2	Bacteria	phylum	200940	Thermodesulfobacteriota	class	3031449	Desulfovibrionia	order	213115	Desulfovibrionales	family	194924	Desulfovibrionaceae	genus	2910984	Solidesulfovibrio	species	296842	Solidesulfovibrio carbinolicus
0.0101	superkingdom	2	Bacteria	phylum	1224	Pseudomonadota	class	28216	Betaproteobacteria	order	80840	Burkholderiales	family	80864	Comamonadaceae	genus	238749	Diaphorobacter	species	1715720	Diaphorobacter ruginosibacter
0.0097	superkingdom	2	Bacteria	phylum	1224	Pseudomonadota	class	1236	Gammaproteobacteria	order	72274	Pseudomonadales	family	135621	Pseudomonadaceae	genus	2901164	Stutzerimonas	species	3022791	Stutzerimonas decontaminans
0.0095	superkingdom	2	Bacteria	phylum	1224	Pseudomonadota	class	28211	Alphaproteobacteria	order	356	Hyphomicrobiales	family	255475	Aurantimonadaceae	genus	293088	Martelella	species	1486262	Martelella endophytica
0.0093	superkingdom	2	Bacteria	phylum	201174	Actinomycetota	class	1760	Actinomycetes	order	85007	Mycobacteriales	family	1762	Mycobacteriaceae	genus	1866885	Mycolicibacterium	species	319707	Mycolicibacterium aubagnense
0.0092	superkingdom	2	Bacteria	phylum	1224	Pseudomonadota	class	28211	Alphaproteobacteria	order	204441	Rhodospirillales	family	41295	Rhodospirillaceae	genus	1081	Rhodospirillum	species	34018	Rhodospirillum centenum
0.0089	superkingdom	2	Bacteria	phylum	1224	Pseudomonadota	class	28211	Alphaproteobacteria	order	204455	Rhodobacterales	family	31989	Paracoccaceae	genus	2831955	Pikeienuella	species	2748098	Pikeienuella piscinae
0.0087	superkingdom	2	Bacteria	phylum	976	Bacteroidota	class	768503	Cytophagia	order	768507	Cytophagales	family	2896860	Spirosomataceae	genus	319458	Leadbetterella	species	316068	Leadbetterella byssophila
0.0087	superkingdom	2	Bacteria	phylum	1224	Pseudomonadota	class	28211	Alphaproteobacteria	order	204455	Rhodobacterales	family	31989	Paracoccaceae	genus	285107	Thioclava	species	1915078	Thioclava nitratireducens
0.0084	superkingdom	2	Bacteria	phylum	1224	Pseudomonadota	class	1236	Gammaproteobacteria	order	72274	Pseudomonadales	family	135621	Pseudomonadaceae	genus	286	Pseudomonas	species	2745504	Pseudomonas hamedanensis
0.0082	superkingdom	2	Bacteria	phylum	1224	Pseudomonadota	class	1236	Gammaproteobacteria	order	72274	Pseudomonadales	family	135621	Pseudomonadaceae	genus	286	Pseudomonas	species	2867264	Pseudomonas phytophila
0.0078	superkingdom	2	Bacteria	phylum	1224	Pseudomonadota	class	28211	Alphaproteobacteria	order	204458	Caulobacterales	family	76892	Caulobacteraceae	genus	75	Caulobacter	species	69666	Caulobacter mirabilis
0.0071	superkingdom	2	Bacteria	phylum	1224	Pseudomonadota	class	28211	Alphaproteobacteria	order	356	Hyphomicrobiales	family	335928	Xanthobacteraceae	genus	99	Ancylobacter	species	223390	Ancylobacter polymorphus
0.0069	superkingdom	2	Bacteria	phylum	1224	Pseudomonadota	class	28211	Alphaproteobacteria	order	204441	Rhodospirillales	family	433	Acetobacteraceae	genus	504465	Rhodovastum	species	504468	Rhodovastum atsumiense
0.0068	superkingdom	2	Bacteria	phylum	1224	Pseudomonadota	class	28211	Alphaproteobacteria	order	204441	Rhodospirillales	family	41295	Rhodospirillaceae	genus	13134	Magnetospirillum	species	84159	Magnetospirillum magneticum
0.0065	superkingdom	2	Bacteria	phylum	1224	Pseudomonadota	class	28216	Betaproteobacteria	order	32003	Nitrosomonadales	family	90627	Gallionellaceae	genus	314343	Sideroxydans	species	63745	Sideroxydans lithotrophicus
0.0060	superkingdom	2	Bacteria	phylum	1224	Pseudomonadota	class	28211	Alphaproteobacteria	order	356	Hyphomicrobiales	family	45401	Hyphomicrobiaceae	genus	81	Hyphomicrobium	species	1427356	Hyphomicrobium nitrativorans
0.0049	superkingdom	2	Bacteria	phylum	203682	Planctomycetota	class	203683	Planctomycetia	order	2691355	Gemmatales	family	1914233	Gemmataceae	genus	2807415	Urbifossiella	species	2528023	Urbifossiella limnaea
0.0041	superkingdom	2	Bacteria	phylum	2818505	Myxococcota	class	32015	Myxococcia	order	29	Myxococcales	family	39	Archangiaceae	genus	44	Melittangium	species	83453	Melittangium boletus
